,id,dex_id,name,image,primary_type,secondary_type,is_mega,Description
0,1,1,Bulbasaur,https://projectpokemon.org/images/normal-sprite/bulbasaur.gif,Grass,Poison,0,There is a plant seed on its back right from the day this Pokémon is born. The seed slowly grows larger.
1,2,2,Ivysaur,https://projectpokemon.org/images/normal-sprite/ivysaur.gif,Grass,Poison,0,"When the bulb on its back grows large, it appears to lose the ability to stand on its hind legs."
2,3,3,Venusaur,https://projectpokemon.org/images/normal-sprite/venusaur-f.gif,Grass,Poison,0,Its plant blooms when it is absorbing solar energy. It stays on the move to seek sunlight.
3,4,3,Mega Venusaur,,Grass,Poison,1,
4,5,4,Charmander,https://projectpokemon.org/images/normal-sprite/charmander.gif,Fire,,0,"It has a preference for hot things. When it rains, steam is said to spout from the tip of its tail."
5,6,5,Charmeleon,https://projectpokemon.org/images/normal-sprite/charmeleon.gif,Fire,,0,"It has a barbaric nature. In battle, it whips its fiery tail around and slashes away with sharp claws."
6,7,6,Charizard,https://projectpokemon.org/images/normal-sprite/charizard.gif,Fire,Flying,0,It spits fire that is hot enough to melt boulders. It may cause forest fires by blowing flames.
7,8,6,Mega Charizard X,,Fire,Dragon,1,
8,9,6,Mega Charizard Y,,Fire,Flying,1,
9,10,7,Squirtle,https://projectpokemon.org/images/normal-sprite/squirtle.gif,Water,,0,"When it retracts its long neck into its shell, it squirts out water with vigorous force."
10,11,8,Wartortle,https://projectpokemon.org/images/normal-sprite/wartortle.gif,Water,,0,"It is recognized as a symbol of longevity. If its shell has algae on it, that Wartortle is very old."
11,12,9,Blastoise,https://projectpokemon.org/images/normal-sprite/blastoise.gif,Water,,0,"It crushes its foe under its heavy body to cause fainting. In a pinch, it will withdraw inside its shell."
12,13,9,Mega Blastoise,,Water,,1,
13,14,10,Caterpie,https://projectpokemon.org/images/normal-sprite/caterpie.gif,Bug,,0,"For protection, it releases a horrible stench from the antenna on its head to drive away enemies."
14,15,11,Metapod,https://projectpokemon.org/images/normal-sprite/metapod.gif,Bug,,0,"It is waiting for the moment to evolve. At this stage, it can only harden, so it remains motionless to avoid attack."
15,16,12,Butterfree,https://projectpokemon.org/images/normal-sprite/butterfree-f.gif,Bug,Flying,0,"In battle, it flaps its wings at great speed to release highly toxic dust into the air."
16,17,13,Weedle,https://projectpokemon.org/images/normal-sprite/weedle.gif,Bug,Poison,0,Beware of the sharp stinger on its head. It hides in grass and bushes where it eats leaves.
17,18,14,Kakuna,https://projectpokemon.org/images/normal-sprite/kakuna.gif,Bug,Poison,0,"Able to move only slightly. When endangered, it may stick out its stinger and poison its enemy."
18,19,15,Beedrill,https://projectpokemon.org/images/normal-sprite/beedrill.gif,Bug,Poison,0,It has three poisonous stingers on its forelegs and its tail. They are used to jab its enemy repeatedly.
19,20,15,Mega Beedrill,,Bug,Poison,1,
20,21,16,Pidgey,https://projectpokemon.org/images/normal-sprite/pidgey.gif,Normal,Flying,0,"Very docile. If attacked, it will often kick up sand to protect itself rather than fight back."
21,22,17,Pidgeotto,https://projectpokemon.org/images/normal-sprite/pidgeotto.gif,Normal,Flying,0,This Pokémon is full of vitality. It constantly flies around its large territory in search of prey.
22,23,18,Pidgeot,https://projectpokemon.org/images/normal-sprite/pidgeot.gif,Normal,Flying,0,"This Pokémon flies at Mach 2 speed, seeking prey. Its large talons are feared as wicked weapons."
23,24,18,Mega Pidgeot,,Normal,Flying,1,
24,25,19,Rattata,https://projectpokemon.org/images/normal-sprite/rattata-f.gif,Normal,,0,"Will chew on anything with its fangs. If you see one, you can be certain that 40 more live in the area."
25,26,19,Alolan Rattata,,Dark,Normal,1,
26,27,20,Raticate,https://projectpokemon.org/images/normal-sprite/raticate-f.gif,Normal,,0,"Its hind feet are webbed. They act as flippers, so it can swim in rivers and hunt for prey."
27,28,20,Alolan Raticate,,Dark,Normal,1,
28,29,21,Spearow,https://projectpokemon.org/images/normal-sprite/spearow.gif,Normal,Flying,0,"Inept at flying high. However, it can fly around very fast to protect its territory."
29,30,22,Fearow,https://projectpokemon.org/images/normal-sprite/fearow.gif,Normal,Flying,0,"A Pokémon that dates back many years. If it senses danger, it flies high and away, instantly."
30,31,23,Ekans,https://projectpokemon.org/images/normal-sprite/ekans.gif,Poison,,0,"The older it gets, the longer it grows. At night, it wraps its long body around tree branches to rest."
31,32,24,Arbok,https://projectpokemon.org/images/normal-sprite/arbok.gif,Poison,,0,The frightening patterns on its belly have been studied. Six variations have been confirmed.
32,33,25,Pikachu,https://projectpokemon.org/images/normal-sprite/pikachu.gif,Electric,,0,Pikachu that can generate powerful electricity have cheek sacs that are extra soft and super stretchy.
33,34,25,Partner Pikachu,,Electric,,1,
34,35,26,Raichu,https://projectpokemon.org/images/normal-sprite/raichu.gif,Electric,,0,Its long tail serves as a ground to protect itself from its own high-voltage power.
35,36,26,Alolan Raichu,,Electric,Psychic,1,
36,37,27,Sandshrew,https://projectpokemon.org/images/normal-sprite/sandshrew.gif,Ground,,0,"It loves to bathe in the grit of dry, sandy areas. By sand bathing, the Pokémon rids itself of dirt and moisture clinging to its body."
37,38,27,Alolan Sandshrew,,Ice,Steel,1,
38,39,28,Sandslash,https://projectpokemon.org/images/normal-sprite/sandslash.gif,Ground,,0,"The drier the area Sandslash lives in, the harder and smoother the Pokémon’s spikes will feel when touched."
39,40,28,Alolan Sandslash,,Ice,Steel,1,
40,41,29,Nidoran♀,https://projectpokemon.org/images/normal-sprite/nidoran_f.gif,Poison,,0,
41,42,30,Nidorina,https://projectpokemon.org/images/normal-sprite/nidorina.gif,Poison,,0,The horn on its head has atrophied. It’s thought that this happens so Nidorina’s children won’t get poked while their mother is feeding them.
42,43,31,Nidoqueen,https://projectpokemon.org/images/normal-sprite/nidoqueen.gif,Poison,Ground,0,"Nidoqueen is better at defense than offense. With scales like armor, this Pokémon will shield its children from any kind of attack."
43,44,32,Nidoran♂,https://projectpokemon.org/images/normal-sprite/nidoran_m.gif,Poison,,0,
44,45,33,Nidorino,https://projectpokemon.org/images/normal-sprite/nidorino.gif,Poison,,0,"With a horn that’s harder than diamond, this Pokémon goes around shattering boulders as it searches for a moon stone."
45,46,34,Nidoking,https://projectpokemon.org/images/normal-sprite/nidoking.gif,Poison,Ground,0,"When it goes on a rampage, it’s impossible to control. But in the presence of a Nidoqueen it’s lived with for a long time, Nidoking calms down."
46,47,35,Clefairy,https://projectpokemon.org/images/normal-sprite/clefairy.gif,Fairy,,0,It is said that happiness will come to those who see a gathering of Clefairy dancing under a full moon.
47,48,36,Clefable,https://projectpokemon.org/images/normal-sprite/clefable.gif,Fairy,,0,"A timid fairy Pokémon that is rarely seen, it will run and hide the moment it senses people."
48,49,37,Vulpix,https://projectpokemon.org/images/normal-sprite/vulpix.gif,Fire,,0,"While young, it has six gorgeous tails. When it grows, several new tails are sprouted."
49,50,37,Alolan Vulpix,,Ice,,1,
50,51,38,Ninetales,https://projectpokemon.org/images/normal-sprite/ninetales.gif,Fire,,0,"It is said to live 1,000 years, and each of its tails is loaded with supernatural powers."
51,52,38,Alolan Ninetales,,Ice,Fairy,1,
52,53,39,Jigglypuff,https://projectpokemon.org/images/normal-sprite/jigglypuff.gif,Normal,Fairy,0,"Jigglypuff has top-notch lung capacity, even by comparison to other Pokémon. It won’t stop singing its lullabies until its foes fall asleep."
53,54,40,Wigglytuff,https://projectpokemon.org/images/normal-sprite/wigglytuff.gif,Normal,Fairy,0,"The more air it takes in, the more it inflates. If opponents catch it in a bad mood, it will inflate itself to an enormous size to intimidate them."
54,55,41,Zubat,https://projectpokemon.org/images/normal-sprite/zubat.gif,Poison,Flying,0,"It emits ultrasonic waves from its mouth to check its surroundings. Even in tight caves, Zubat flies around with skill."
55,56,42,Golbat,https://projectpokemon.org/images/normal-sprite/golbat.gif,Poison,Flying,0,"It loves to drink other creatures’ blood. It’s said that if it finds others of its kind going hungry, it sometimes shares the blood it’s gathered."
56,57,43,Oddish,https://projectpokemon.org/images/normal-sprite/oddish.gif,Grass,Poison,0,"If exposed to moonlight, it starts to move. It roams far and wide at night to scatter its seeds."
57,58,44,Gloom,https://projectpokemon.org/images/normal-sprite/gloom.gif,Grass,Poison,0,Its pistils exude an incredibly foul odor. The horrid stench can cause fainting at a distance of 1.25 miles.
58,59,45,Vileplume,https://projectpokemon.org/images/normal-sprite/vileplume.gif,Grass,Poison,0,"It has the world’s largest petals. With every step, the petals shake out heavy clouds of toxic pollen."
59,60,46,Paras,https://projectpokemon.org/images/normal-sprite/paras.gif,Bug,Grass,0,Burrows under the ground to gnaw on tree roots. The mushrooms on its back absorb most of the nutrition.
60,61,47,Parasect,https://projectpokemon.org/images/normal-sprite/parasect.gif,Bug,Grass,0,The bug host is drained of energy by the mushroom on its back. The mushroom appears to do all the thinking.
61,62,48,Venonat,https://projectpokemon.org/images/normal-sprite/venonat.gif,Bug,Poison,0,"Its large eyes act as radar. In a bright place, you can see that they are clusters of many tiny eyes."
62,63,49,Venomoth,https://projectpokemon.org/images/normal-sprite/venomoth.gif,Bug,Poison,0,The powdery scales on its wings are hard to remove from skin. They also contain poison that leaks out on contact.
63,64,50,Diglett,https://projectpokemon.org/images/normal-sprite/diglett.gif,Ground,,0,"If a Diglett digs through a field, it leaves the soil perfectly tilled and ideal for planting crops."
64,65,50,Alolan Diglett,,Ground,Steel,1,
65,66,51,Dugtrio,https://projectpokemon.org/images/normal-sprite/dugtrio.gif,Ground,,0,A team of Diglett triplets. It triggers huge earthquakes by burrowing 60 miles underground.
66,67,51,Alolan Dugtrio,,Ground,Steel,1,
67,68,52,Meowth,https://projectpokemon.org/images/normal-sprite/meowth.gif,Normal,,0,"It loves to collect shiny things. If it’s in a good mood, it might even let its Trainer have a look at its hoard of treasures."
68,69,52,Alolan Meowth,,Dark,,1,
69,70,52,Galarian Meowth,,Steel,,1,
70,71,53,Persian,https://projectpokemon.org/images/normal-sprite/persian.gif,Normal,,0,"Getting this prideful Pokémon to warm up to you takes a lot of effort, and it will claw at you the moment it gets annoyed."
71,72,53,Alolan Persian,,Dark,,1,
72,73,54,Psyduck,https://projectpokemon.org/images/normal-sprite/psyduck.gif,Water,,0,"Psyduck is constantly beset by headaches. If the Pokémon lets its strange power erupt, apparently the pain subsides for a while."
73,74,55,Golduck,https://projectpokemon.org/images/normal-sprite/golduck.gif,Water,,0,"This Pokémon lives in gently flowing rivers. It paddles through the water with its long limbs, putting its graceful swimming skills on display."
74,75,56,Mankey,https://projectpokemon.org/images/normal-sprite/mankey.gif,Fighting,,0,An agile Pokémon that lives in trees. It angers easily and will not hesitate to attack anything.
75,76,57,Primeape,https://projectpokemon.org/images/normal-sprite/primeape.gif,Fighting,,0,It stops being angry only when nobody else is around. To view this moment is very difficult.
76,77,58,Growlithe,https://projectpokemon.org/images/normal-sprite/growlithe.gif,Fire,,0,It has a brave and trustworthy nature. It fearlessly stands up to bigger and stronger foes.
77,78,58,Hisuian Growlithe,,Fire,Rock,1,
78,79,59,Arcanine,https://projectpokemon.org/images/normal-sprite/arcanine.gif,Fire,,0,"The sight of it running over 6,200 miles in a single day and night has captivated many people."
79,80,59,Hisuian Arcanine,,Fire,Rock,1,
80,81,60,Poliwag,https://projectpokemon.org/images/normal-sprite/poliwag.gif,Water,,0,"For Poliwag, swimming is easier than walking. The swirl pattern on its belly is actually part of the Pokémon’s innards showing through the skin."
81,82,61,Poliwhirl,https://projectpokemon.org/images/normal-sprite/poliwhirl.gif,Water,,0,Staring at the swirl on its belly causes drowsiness. This trait of Poliwhirl’s has been used in place of lullabies to get children to go to sleep.
82,83,62,Poliwrath,https://projectpokemon.org/images/normal-sprite/poliwrath.gif,Water,Fighting,0,"Its body is solid muscle. When swimming through cold seas, Poliwrath uses its impressive arms to smash through drift ice and plow forward."
83,84,63,Abra,https://projectpokemon.org/images/normal-sprite/abra.gif,Psychic,,0,This Pokémon uses its psychic powers while it sleeps. The contents of Abra’s dreams affect the powers that the Pokémon wields.
84,85,64,Kadabra,https://projectpokemon.org/images/normal-sprite/kadabra.gif,Psychic,,0,"Using its psychic power, Kadabra levitates as it sleeps. It uses its springy tail as a pillow."
85,86,65,Alakazam,https://projectpokemon.org/images/normal-sprite/alakazam.gif,Psychic,,0,"It has an incredibly high level of intelligence. Some say that Alakazam remembers everything that ever happens to it, from birth till death."
86,87,65,Mega Alakazam,,Psychic,,1,
87,88,66,Machop,https://projectpokemon.org/images/normal-sprite/machop.gif,Fighting,,0,"Its whole body is composed of muscles. Even though it’s the size of a human child, it can hurl 100 grown-ups."
88,89,67,Machoke,https://projectpokemon.org/images/normal-sprite/machoke.gif,Fighting,,0,"Its muscular body is so powerful, it must wear a power-save belt to be able to regulate its motions."
89,90,68,Machamp,https://projectpokemon.org/images/normal-sprite/machamp.gif,Fighting,,0,It quickly swings its four arms to rock its opponents with ceaseless punches and chops from all angles.
90,91,69,Bellsprout,https://projectpokemon.org/images/normal-sprite/bellsprout.gif,Grass,Poison,0,Prefers hot and humid places. It ensnares tiny bugs with its vines and devours them.
91,92,70,Weepinbell,https://projectpokemon.org/images/normal-sprite/weepinbell.gif,Grass,Poison,0,"When hungry, it swallows anything that moves. Its hapless prey is dissolved by strong acids."
92,93,71,Victreebel,https://projectpokemon.org/images/normal-sprite/victreebel.gif,Grass,Poison,0,"Lures prey with the sweet aroma of honey. Swallowed whole, the prey is dissolved in a day, bones and all."
93,94,72,Tentacool,https://projectpokemon.org/images/normal-sprite/tentacool.gif,Water,Poison,0,Tentacool is not a particularly strong swimmer. It drifts across the surface of shallow seas as it searches for prey.
94,95,73,Tentacruel,https://projectpokemon.org/images/normal-sprite/tentacruel.gif,Water,Poison,0,"When the red orbs on Tentacruel’s head glow brightly, watch out. The Pokémon is about to fire off a burst of ultrasonic waves."
95,96,74,Geodude,https://projectpokemon.org/images/normal-sprite/geodude.gif,Rock,Ground,0,"Commonly found near mountain trails and the like. If you step on one by accident, it gets angry."
96,97,74,Alolan Geodude,,Rock,Electric,1,
97,98,75,Graveler,https://projectpokemon.org/images/normal-sprite/graveler.gif,Rock,Ground,0,"Often seen rolling down mountain trails. Obstacles are just things to roll straight over, not avoid."
98,99,75,Alolan Graveler,,Rock,Electric,1,
99,100,76,Golem,https://projectpokemon.org/images/normal-sprite/golem.gif,Rock,Ground,0,"Once it sheds its skin, its body turns tender and whitish. Its hide hardens when it’s exposed to air."
100,101,76,Alolan Golem,,Rock,Electric,1,
101,102,77,Ponyta,https://projectpokemon.org/images/normal-sprite/ponyta.gif,Fire,,0,"It can’t run properly when it’s newly born. As it races around with others of its kind, its legs grow stronger."
102,103,77,Galarian Ponyta,,Psychic,,1,
103,104,78,Rapidash,https://projectpokemon.org/images/normal-sprite/rapidash.gif,Fire,,0,"This Pokémon can be seen galloping through fields at speeds of up to 150 mph, its fiery mane fluttering in the wind."
104,105,78,Galarian Rapidash,,Psychic,Fairy,1,
105,106,79,Slowpoke,https://projectpokemon.org/images/normal-sprite/slowpoke.gif,Water,Psychic,0,"Slow-witted and oblivious, this Pokémon won’t feel any pain if its tail gets eaten. It won’t notice when its tail grows back, either."
106,107,79,Galarian Slowpoke,,Psychic,,1,
107,108,80,Slowbro,https://projectpokemon.org/images/normal-sprite/slowbro.gif,Water,Psychic,0,Slowpoke became Slowbro when a Shellder bit on to its tail. Sweet flavors seeping from the tail make the Shellder feel as if its life is a dream.
108,109,80,Mega Slowbro,,Water,Psychic,1,
109,110,80,Galarian Slowbro,,Poison,Psychic,1,
110,111,81,Magnemite,https://projectpokemon.org/images/normal-sprite/magnemite.gif,Electric,Steel,0,"At times, Magnemite runs out of electricity and ends up on the ground. If you give batteries to a grounded Magnemite, it’ll start moving again."
111,112,82,Magneton,https://projectpokemon.org/images/normal-sprite/magneton.gif,Electric,Steel,0,This Pokémon is three Magnemite that have linked together. Magneton sends out powerful radio waves to study its surroundings.
112,113,83,Farfetch'd,https://projectpokemon.org/images/normal-sprite/farfetchd.gif,Normal,Flying,0,
113,114,83,Galarian Farfetch'd,,Fighting,,1,
114,115,84,Doduo,https://projectpokemon.org/images/normal-sprite/doduo.gif,Normal,Flying,0,"Its short wings make flying difficult. Instead, this Pokémon runs at high speed on developed legs."
115,116,85,Dodrio,https://projectpokemon.org/images/normal-sprite/dodrio.gif,Normal,Flying,0,One of Doduo’s two heads splits to form a unique species. It runs close to 40 mph in prairies.
116,117,86,Seel,https://projectpokemon.org/images/normal-sprite/seel.gif,Water,,0,Loves freezing-cold conditions. Relishes swimming in a frigid climate of around 14 degrees Fahrenheit.
117,118,87,Dewgong,https://projectpokemon.org/images/normal-sprite/dewgong.gif,Water,Ice,0,"Its entire body is a snowy white. Unharmed by even intense cold, it swims powerfully in icy waters."
118,119,88,Grimer,https://projectpokemon.org/images/normal-sprite/grimer.gif,Poison,,0,Made of congealed sludge. It smells too putrid to touch. Even weeds won’t grow in its path.
119,120,88,Alolan Grimer,,Poison,Dark,1,
120,121,89,Muk,https://projectpokemon.org/images/normal-sprite/muk.gif,Poison,,0,"Smells so awful, it can cause fainting. Through degeneration of its nose, it lost its sense of smell."
121,122,89,Alolan Muk,,Poison,Dark,1,
122,123,90,Shellder,https://projectpokemon.org/images/normal-sprite/shellder.gif,Water,,0,It swims facing backward by opening and closing its two-piece shell. It is surprisingly fast.
123,124,91,Cloyster,https://projectpokemon.org/images/normal-sprite/cloyster.gif,Water,Ice,0,"Its shell is extremely hard. It cannot be shattered, even with a bomb. The shell opens only when it is attacking."
124,125,92,Gastly,https://projectpokemon.org/images/normal-sprite/gastly.gif,Ghost,Poison,0,"Born from gases, anyone would faint if engulfed by its gaseous body, which contains poison."
125,126,93,Haunter,https://projectpokemon.org/images/normal-sprite/haunter.gif,Ghost,Poison,0,"Its tongue is made of gas. If licked, its victim starts shaking constantly until death eventually comes."
126,127,94,Gengar,https://projectpokemon.org/images/normal-sprite/gengar.gif,Ghost,Poison,0,"On the night of a full moon, if shadows move on their own and laugh, it must be Gengar’s doing."
127,128,94,Mega Gengar,,Ghost,Poison,1,
128,129,95,Onix,https://projectpokemon.org/images/normal-sprite/onix.gif,Rock,Ground,0,"As it digs through the ground, it absorbs many hard objects. This is what makes its body so solid."
129,130,96,Drowzee,https://projectpokemon.org/images/normal-sprite/drowzee.gif,Psychic,,0,"If you sleep by it all the time, it will sometimes show you dreams it had eaten in the past."
130,131,97,Hypno,https://projectpokemon.org/images/normal-sprite/hypno.gif,Psychic,,0,Avoid eye contact if you come across one. It will try to put you to sleep by using its pendulum.
131,132,98,Krabby,https://projectpokemon.org/images/normal-sprite/krabby.gif,Water,,0,It can be found near the sea. The large pincers grow back if they are torn out of their sockets.
132,133,99,Kingler,https://projectpokemon.org/images/normal-sprite/kingler.gif,Water,,0,"Its large and hard pincer has 10,000-horsepower strength. However, being so big, it is unwieldy to move."
133,134,100,Voltorb,https://projectpokemon.org/images/normal-sprite/voltorb.gif,Electric,,0,It is said to camouflage itself as a Poké Ball. It will self-destruct with very little stimulus.
134,135,100,Hisuian Voltorb,,Electric,Grass,1,
135,136,101,Electrode,https://projectpokemon.org/images/normal-sprite/electrode.gif,Electric,,0,Stores electrical energy inside its body. Even the slightest shock could trigger a huge explosion.
136,137,101,Hisuian Electrode,,Electric,Grass,1,
137,138,102,Exeggcute,https://projectpokemon.org/images/normal-sprite/exeggcute.gif,Grass,Psychic,0,"Though it may look like it’s just a bunch of eggs, it’s a proper Pokémon. Exeggcute communicates with others of its kind via telepathy, apparently."
138,139,103,Exeggutor,https://projectpokemon.org/images/normal-sprite/exeggutor.gif,Grass,Psychic,0,Each of Exeggutor’s three heads is thinking different thoughts. The three don’t seem to be very interested in one another.
139,140,103,Alolan Exeggutor,,Grass,Dragon,1,
140,141,104,Cubone,https://projectpokemon.org/images/normal-sprite/cubone.gif,Ground,,0,"When the memory of its departed mother brings it to tears, its cries echo mournfully within the skull it wears on its head."
141,142,105,Marowak,https://projectpokemon.org/images/normal-sprite/marowak.gif,Ground,,0,"This Pokémon overcame its sorrow to evolve a sturdy new body. Marowak faces its opponents bravely, using a bone as a weapon."
142,143,105,Alolan Marowak,,Fire,Ghost,1,
143,144,106,Hitmonlee,https://projectpokemon.org/images/normal-sprite/hitmonlee.gif,Fighting,,0,This amazing Pokémon has an awesome sense of balance. It can kick in succession from any position.
144,145,107,Hitmonchan,https://projectpokemon.org/images/normal-sprite/hitmonchan.gif,Fighting,,0,"Its punches slice the air. They are launched at such high speed, even a slight graze could cause a burn."
145,146,108,Lickitung,https://projectpokemon.org/images/normal-sprite/lickitung.gif,Normal,,0,"If this Pokémon’s sticky saliva gets on you and you don’t clean it off, an intense itch will set in. The itch won’t go away, either."
146,147,109,Koffing,https://projectpokemon.org/images/normal-sprite/koffing.gif,Poison,,0,"Its body is full of poisonous gas. It floats into garbage dumps, seeking out the fumes of raw, rotting trash."
147,148,110,Weezing,https://projectpokemon.org/images/normal-sprite/weezing.gif,Poison,,0,It mixes gases between its two bodies. It’s said that these Pokémon were seen all over the Galar region back in the day.
148,149,110,Galarian Weezing,,Poison,Fairy,1,
149,150,111,Rhyhorn,https://projectpokemon.org/images/normal-sprite/rhyhorn.gif,Ground,Rock,0,"Strong, but not too bright, this Pokémon can shatter even a skyscraper with its charging tackles."
150,151,112,Rhydon,https://projectpokemon.org/images/normal-sprite/rhydon.gif,Ground,Rock,0,It begins walking on its hind legs after evolution. It can punch holes through boulders with its horn.
151,152,113,Chansey,https://projectpokemon.org/images/normal-sprite/chansey.gif,Normal,,0,The egg Chansey carries is not only delicious but also packed with nutrition. It’s used as a high-class cooking ingredient.
152,153,114,Tangela,https://projectpokemon.org/images/normal-sprite/tangela.gif,Grass,,0,"Hidden beneath a tangle of vines that grows nonstop even if the vines are torn off, this Pokémon’s true appearance remains a mystery."
153,154,115,Kangaskhan,https://projectpokemon.org/images/normal-sprite/kangaskhan.gif,Normal,,0,"Although it’s carrying its baby in a pouch on its belly, Kangaskhan is swift on its feet. It intimidates its opponents with quick jabs."
154,155,115,Mega Kangaskhan,,Normal,,1,
155,156,116,Horsea,https://projectpokemon.org/images/normal-sprite/horsea.gif,Water,,0,"Horsea makes its home in oceans with gentle currents. If this Pokémon is under attack, it spits out pitch-black ink and escapes."
156,157,117,Seadra,https://projectpokemon.org/images/normal-sprite/seadra.gif,Water,,0,"It’s the males that raise the offspring. While Seadra are raising young, the spines on their backs secrete thicker and stronger poison."
157,158,118,Goldeen,https://projectpokemon.org/images/normal-sprite/goldeen.gif,Water,,0,"Its dorsal, pectoral, and tail fins wave elegantly in water. That is why it is known as the Water Dancer."
158,159,119,Seaking,https://projectpokemon.org/images/normal-sprite/seaking.gif,Water,,0,"In autumn, its body becomes more fatty in preparing to propose to a mate. It takes on beautiful colors."
159,160,120,Staryu,https://projectpokemon.org/images/normal-sprite/staryu.gif,Water,,0,"If you visit a beach at the end of summer, you’ll be able to see groups of Staryu lighting up in a steady rhythm."
160,161,121,Starmie,https://projectpokemon.org/images/normal-sprite/starmie.gif,Water,Psychic,0,This Pokémon has an organ known as its core. The organ glows in seven colors when Starmie is unleashing its potent psychic powers.
161,162,122,Mr. Mime,https://projectpokemon.org/images/normal-sprite/mr.mime.gif,Psychic,Fairy,0,
162,163,122,Galarian Mr. Mime,,Ice,Psychic,1,
163,164,123,Scyther,https://projectpokemon.org/images/normal-sprite/scyther.gif,Bug,Flying,0,"As Scyther fights more and more battles, its scythes become sharper and sharper. With a single slice, Scyther can fell a massive tree."
164,165,124,Jynx,https://projectpokemon.org/images/normal-sprite/jynx.gif,Ice,Psychic,0,"In certain parts of Galar, Jynx was once feared and worshiped as the Queen of Ice."
165,166,125,Electabuzz,https://projectpokemon.org/images/normal-sprite/electabuzz.gif,Electric,,0,Many power plants keep Ground-type Pokémon around as a defense against Electabuzz that come seeking electricity.
166,167,126,Magmar,https://projectpokemon.org/images/normal-sprite/magmar.gif,Fire,,0,Magmar dispatches its prey with fire. But it regrets this habit once it realizes that it has burned its intended prey to a charred crisp.
167,168,127,Pinsir,https://projectpokemon.org/images/normal-sprite/pinsir.gif,Bug,,0,"These Pokémon judge one another based on pincers. Thicker, more impressive pincers make for more popularity with the opposite gender."
168,169,127,Mega Pinsir,,Bug,Flying,1,
169,170,128,Tauros,https://projectpokemon.org/images/normal-sprite/tauros.gif,Normal,,0,"When Tauros begins whipping itself with its tails, it’s a warning that the Pokémon is about to charge with astounding speed."
170,171,129,Magikarp,https://projectpokemon.org/images/normal-sprite/magikarp.gif,Water,,0,It is virtually worthless in terms of both power and speed. It is the most weak and pathetic Pokémon in the world.
171,172,130,Gyarados,https://projectpokemon.org/images/normal-sprite/gyarados.gif,Water,Flying,0,It has an extremely aggressive nature. The Hyper Beam it shoots from its mouth totally incinerates all targets.
172,173,130,Mega Gyarados,,Water,Dark,1,
173,174,131,Lapras,https://projectpokemon.org/images/normal-sprite/lapras.gif,Water,Ice,0,"A smart and kindhearted Pokémon, it glides across the surface of the sea while its beautiful song echoes around it."
174,175,132,Ditto,https://projectpokemon.org/images/normal-sprite/ditto.gif,Normal,,0,"It can reconstitute its entire cellular structure to change into what it sees, but it returns to normal when it relaxes."
175,176,133,Eevee,https://projectpokemon.org/images/normal-sprite/eevee.gif,Normal,,0,It has the ability to alter the composition of its body to suit its surrounding environment.
176,177,133,Partner Eevee,,Normal,,1,
177,178,134,Vaporeon,https://projectpokemon.org/images/normal-sprite/vaporeon.gif,Water,,0,"When Vaporeon’s fins begin to vibrate, it is a sign that rain will come within a few hours."
178,179,135,Jolteon,https://projectpokemon.org/images/normal-sprite/jolteon.gif,Electric,,0,"If it is angered or startled, the fur all over its body bristles like sharp needles that pierce foes."
179,180,136,Flareon,https://projectpokemon.org/images/normal-sprite/flareon.gif,Fire,,0,"Once it has stored up enough heat, this Pokémon’s body temperature can reach up to 1,700 degrees Fahrenheit."
180,181,137,Porygon,https://projectpokemon.org/images/normal-sprite/porygon.gif,Normal,,0,State-of-the-art technology was used to create Porygon. It was the first artificial Pokémon to be created via computer programming.
181,182,138,Omanyte,https://projectpokemon.org/images/normal-sprite/omanyte.gif,Rock,Water,0,"Because some Omanyte manage to escape after being restored or are released into the wild by people, this species is becoming a problem."
182,183,139,Omastar,https://projectpokemon.org/images/normal-sprite/omastar.gif,Rock,Water,0,"Weighed down by a large and heavy shell, Omastar couldn’t move very fast. Some say it went extinct because it was unable to catch food."
183,184,140,Kabuto,https://projectpokemon.org/images/normal-sprite/kabuto.gif,Rock,Water,0,"This species is almost entirely extinct. Kabuto molt every three days, making their shells harder and harder."
184,185,141,Kabutops,https://projectpokemon.org/images/normal-sprite/kabutops.gif,Rock,Water,0,Kabutops slices its prey apart and sucks out the fluids. The discarded body parts become food for other Pokémon.
185,186,142,Aerodactyl,https://projectpokemon.org/images/normal-sprite/aerodactyl.gif,Rock,Flying,0,This is a ferocious Pokémon from ancient times. Apparently even modern technology is incapable of producing a perfectly restored specimen.
186,187,142,Mega Aerodactyl,,Rock,Flying,1,
187,188,143,Snorlax,https://projectpokemon.org/images/normal-sprite/snorlax.gif,Normal,,0,"It is not satisfied unless it eats over 880 pounds of food every day. When it is done eating, it goes promptly to sleep."
188,189,144,Articuno,https://projectpokemon.org/images/normal-sprite/articuno.gif,Ice,Flying,0,"It’s said that this Pokémon’s beautiful blue wings are made of ice. Articuno flies over snowy mountains, its long tail fluttering along behind it."
189,190,144,Galarian Articuno,,Psychic,Flying,1,
190,191,145,Zapdos,https://projectpokemon.org/images/normal-sprite/zapdos.gif,Electric,Flying,0,This Pokémon has complete control over electricity. There are tales of Zapdos nesting in the dark depths of pitch-black thunderclouds.
191,192,145,Galarian Zapdos,,Fighting,Flying,1,
192,193,146,Moltres,https://projectpokemon.org/images/normal-sprite/moltres.gif,Fire,Flying,0,"It’s one of the legendary bird Pokémon. When Moltres flaps its flaming wings, they glimmer with a dazzling red glow."
193,194,146,Galarian Moltres,,Dark,Flying,1,
194,195,147,Dratini,https://projectpokemon.org/images/normal-sprite/dratini.gif,Dragon,,0,"Dratini dwells near bodies of rapidly flowing water, such as the plunge pools of waterfalls. As it grows, Dratini will shed its skin many times."
195,196,148,Dragonair,https://projectpokemon.org/images/normal-sprite/dragonair.gif,Dragon,,0,"This Pokémon lives in pristine oceans and lakes. It can control the weather, and it uses this power to fly into the sky, riding on the wind."
196,197,149,Dragonite,https://projectpokemon.org/images/normal-sprite/dragonite.gif,Dragon,Flying,0,"It’s a kindhearted Pokémon. If it spots a drowning person or Pokémon, Dragonite simply must help them."
197,198,150,Mewtwo,https://projectpokemon.org/images/normal-sprite/mewtwo.gif,Psychic,,0,"Its DNA is almost the same as Mew’s. However, its size and disposition are vastly different."
198,199,150,Mega Mewtwo X,,Psychic,Fighting,1,
199,200,150,Mega Mewtwo Y,,Psychic,,1,
200,201,151,Mew,https://projectpokemon.org/images/normal-sprite/mew.gif,Psychic,,0,"When viewed through a microscope, this Pokémon’s short, fine, delicate hair can be seen."
201,202,152,Chikorita,,Grass,,0,
202,203,153,Bayleef,,Grass,,0,
203,204,154,Meganium,,Grass,,0,
204,205,155,Cyndaquil,,Fire,,0,
205,206,156,Quilava,,Fire,,0,
206,207,157,Typhlosion,,Fire,,0,
207,208,157,Hisuian Typhlosion,,Fire,Ghost,1,
208,209,158,Totodile,,Water,,0,
209,210,159,Croconaw,,Water,,0,
210,211,160,Feraligatr,,Water,,0,
211,212,161,Sentret,,Normal,,0,
212,213,162,Furret,,Normal,,0,
213,214,163,Hoothoot,,Normal,Flying,0,
214,215,164,Noctowl,,Normal,Flying,0,
215,216,165,Ledyba,,Bug,Flying,0,
216,217,166,Ledian,,Bug,Flying,0,
217,218,167,Spinarak,,Bug,Poison,0,
218,219,168,Ariados,,Bug,Poison,0,
219,220,169,Crobat,,Poison,Flying,0,
220,221,170,Chinchou,,Water,Electric,0,
221,222,171,Lanturn,,Water,Electric,0,
222,223,172,Pichu,,Electric,,0,
223,224,173,Cleffa,,Fairy,,0,
224,225,174,Igglybuff,,Normal,Fairy,0,
225,226,175,Togepi,,Fairy,,0,
226,227,176,Togetic,,Fairy,Flying,0,
227,228,177,Natu,,Psychic,Flying,0,
228,229,178,Xatu,,Psychic,Flying,0,
229,230,179,Mareep,,Electric,,0,
230,231,180,Flaaffy,,Electric,,0,
231,232,181,Ampharos,,Electric,,0,
232,233,181,Mega Ampharos,,Electric,Dragon,1,
233,234,182,Bellossom,,Grass,,0,
234,235,183,Marill,,Water,Fairy,0,
235,236,184,Azumarill,,Water,Fairy,0,
236,237,185,Sudowoodo,,Rock,,0,
237,238,186,Politoed,,Water,,0,
238,239,187,Hoppip,,Grass,Flying,0,
239,240,188,Skiploom,,Grass,Flying,0,
240,241,189,Jumpluff,,Grass,Flying,0,
241,242,190,Aipom,,Normal,,0,
242,243,191,Sunkern,,Grass,,0,
243,244,192,Sunflora,,Grass,,0,
244,245,193,Yanma,,Bug,Flying,0,
245,246,194,Wooper,,Water,Ground,0,
246,247,195,Quagsire,,Water,Ground,0,
247,248,196,Espeon,,Psychic,,0,
248,249,197,Umbreon,,Dark,,0,
249,250,198,Murkrow,,Dark,Flying,0,
250,251,199,Slowking,,Water,Psychic,0,
251,252,199,Galarian Slowking,,Poison,Psychic,1,
252,253,200,Misdreavus,,Ghost,,0,
253,254,201,Unown,,Psychic,,0,
254,255,202,Wobbuffet,,Psychic,,0,
255,256,203,Girafarig,,Normal,Psychic,0,
256,257,204,Pineco,,Bug,,0,
257,258,205,Forretress,,Bug,Steel,0,
258,259,206,Dunsparce,,Normal,,0,
259,260,207,Gligar,,Ground,Flying,0,
260,261,208,Steelix,,Steel,Ground,0,
261,262,208,Mega Steelix,,Steel,Ground,1,
262,263,209,Snubbull,,Fairy,,0,
263,264,210,Granbull,,Fairy,,0,
264,265,211,Qwilfish,,Water,Poison,0,
265,266,211,Hisuian Qwilfish,,Dark,Poison,1,
266,267,212,Scizor,,Bug,Steel,0,
267,268,212,Mega Scizor,,Bug,Steel,1,
268,269,213,Shuckle,,Bug,Rock,0,
269,270,214,Heracross,,Bug,Fighting,0,
270,271,214,Mega Heracross,,Bug,Fighting,1,
271,272,215,Sneasel,,Dark,Ice,0,
272,273,215,Hisuian Sneasel,,Poison,Fighting,1,
273,274,216,Teddiursa,,Normal,,0,
274,275,217,Ursaring,,Normal,,0,
275,276,218,Slugma,,Fire,,0,
276,277,219,Magcargo,,Fire,Rock,0,
277,278,220,Swinub,,Ice,Ground,0,
278,279,221,Piloswine,,Ice,Ground,0,
279,280,222,Corsola,,Water,Rock,0,
280,281,222,Galarian Corsola,,Ghost,,1,
281,282,223,Remoraid,,Water,,0,
282,283,224,Octillery,,Water,,0,
283,284,225,Delibird,,Ice,Flying,0,
284,285,226,Mantine,,Water,Flying,0,
285,286,227,Skarmory,,Steel,Flying,0,
286,287,228,Houndour,,Dark,Fire,0,
287,288,229,Houndoom,,Dark,Fire,0,
288,289,229,Mega Houndoom,,Dark,Fire,1,
289,290,230,Kingdra,,Water,Dragon,0,
290,291,231,Phanpy,,Ground,,0,
291,292,232,Donphan,,Ground,,0,
292,293,233,Porygon2,,Normal,,0,
293,294,234,Stantler,,Normal,,0,
294,295,235,Smeargle,,Normal,,0,
295,296,236,Tyrogue,,Fighting,,0,
296,297,237,Hitmontop,,Fighting,,0,
297,298,238,Smoochum,,Ice,Psychic,0,
298,299,239,Elekid,,Electric,,0,
299,300,240,Magby,,Fire,,0,
300,301,241,Miltank,,Normal,,0,
301,302,242,Blissey,,Normal,,0,
302,303,243,Raikou,,Electric,,0,
303,304,244,Entei,,Fire,,0,
304,305,245,Suicune,,Water,,0,
305,306,246,Larvitar,,Rock,Ground,0,
306,307,247,Pupitar,,Rock,Ground,0,
307,308,248,Tyranitar,,Rock,Dark,0,
308,309,248,Mega Tyranitar,,Rock,Dark,1,
309,310,249,Lugia,,Psychic,Flying,0,
310,311,250,Ho-oh,,Fire,Flying,0,
311,312,251,Celebi,,Psychic,Grass,0,
312,313,252,Treecko,,Grass,,0,
313,314,253,Grovyle,,Grass,,0,
314,315,254,Sceptile,,Grass,,0,
315,316,254,Mega Sceptile,,Grass,Dragon,1,
316,317,255,Torchic,,Fire,,0,
317,318,256,Combusken,,Fire,Fighting,0,
318,319,257,Blaziken,,Fire,Fighting,0,
319,320,257,Mega Blaziken,,Fire,Fighting,1,
320,321,258,Mudkip,,Water,,0,
321,322,259,Marshtomp,,Water,Ground,0,
322,323,260,Swampert,,Water,Ground,0,
323,324,260,Mega Swampert,,Water,Ground,1,
324,325,261,Poochyena,,Dark,,0,
325,326,262,Mightyena,,Dark,,0,
326,327,263,Zigzagoon,,Normal,,0,
327,328,263,Galarian Zigzagoon,,Dark,Normal,1,
328,329,264,Linoone,,Normal,,0,
329,330,264,Galarian Linoone,,Dark,Normal,1,
330,331,265,Wurmple,,Bug,,0,
331,332,266,Silcoon,,Bug,,0,
332,333,267,Beautifly,,Bug,Flying,0,
333,334,268,Cascoon,,Bug,,0,
334,335,269,Dustox,,Bug,Poison,0,
335,336,270,Lotad,,Water,Grass,0,
336,337,271,Lombre,,Water,Grass,0,
337,338,272,Ludicolo,,Water,Grass,0,
338,339,273,Seedot,,Grass,,0,
339,340,274,Nuzleaf,,Grass,Dark,0,
340,341,275,Shiftry,,Grass,Dark,0,
341,342,276,Taillow,,Normal,Flying,0,
342,343,277,Swellow,,Normal,Flying,0,
343,344,278,Wingull,,Water,Flying,0,
344,345,279,Pelipper,,Water,Flying,0,
345,346,280,Ralts,,Psychic,Fairy,0,
346,347,281,Kirlia,,Psychic,Fairy,0,
347,348,282,Gardevoir,,Psychic,Fairy,0,
348,349,282,Mega Gardevoir,,Psychic,Fairy,1,
349,350,283,Surskit,,Bug,Water,0,
350,351,284,Masquerain,,Bug,Flying,0,
351,352,285,Shroomish,,Grass,,0,
352,353,286,Breloom,,Grass,Fighting,0,
353,354,287,Slakoth,,Normal,,0,
354,355,288,Vigoroth,,Normal,,0,
355,356,289,Slaking,,Normal,,0,
356,357,290,Nincada,,Bug,Ground,0,
357,358,291,Ninjask,,Bug,Flying,0,
358,359,292,Shedinja,,Bug,Ghost,0,
359,360,293,Whismur,,Normal,,0,
360,361,294,Loudred,,Normal,,0,
361,362,295,Exploud,,Normal,,0,
362,363,296,Makuhita,,Fighting,,0,
363,364,297,Hariyama,,Fighting,,0,
364,365,298,Azurill,,Normal,Fairy,0,
365,366,299,Nosepass,,Rock,,0,
366,367,300,Skitty,,Normal,,0,
367,368,301,Delcatty,,Normal,,0,
368,369,302,Sableye,,Dark,Ghost,0,
369,370,302,Mega Sableye,,Dark,Ghost,1,
370,371,303,Mawile,,Steel,Fairy,0,
371,372,303,Mega Mawile,,Steel,Fairy,1,
372,373,304,Aron,,Steel,Rock,0,
373,374,305,Lairon,,Steel,Rock,0,
374,375,306,Aggron,,Steel,Rock,0,
375,376,306,Mega Aggron,,Steel,,1,
376,377,307,Meditite,,Fighting,Psychic,0,
377,378,308,Medicham,,Fighting,Psychic,0,
378,379,308,Mega Medicham,,Fighting,Psychic,1,
379,380,309,Electrike,,Electric,,0,
380,381,310,Manectric,,Electric,,0,
381,382,310,Mega Manectric,,Electric,,1,
382,383,311,Plusle,,Electric,,0,
383,384,312,Minun,,Electric,,0,
384,385,313,Volbeat,,Bug,,0,
385,386,314,Illumise,,Bug,,0,
386,387,315,Roselia,,Grass,Poison,0,
387,388,316,Gulpin,,Poison,,0,
388,389,317,Swalot,,Poison,,0,
389,390,318,Carvanha,,Water,Dark,0,
390,391,319,Sharpedo,,Water,Dark,0,
391,392,319,Mega Sharpedo,,Water,Dark,1,
392,393,320,Wailmer,,Water,,0,
393,394,321,Wailord,,Water,,0,
394,395,322,Numel,,Fire,Ground,0,
395,396,323,Camerupt,,Fire,Ground,0,
396,397,323,Mega Camerupt,,Fire,Ground,1,
397,398,324,Torkoal,,Fire,,0,
398,399,325,Spoink,,Psychic,,0,
399,400,326,Grumpig,,Psychic,,0,
400,401,327,Spinda,,Normal,,0,
401,402,328,Trapinch,,Ground,,0,
402,403,329,Vibrava,,Ground,Dragon,0,
403,404,330,Flygon,,Ground,Dragon,0,
404,405,331,Cacnea,,Grass,,0,
405,406,332,Cacturne,,Grass,Dark,0,
406,407,333,Swablu,,Normal,Flying,0,
407,408,334,Altaria,,Dragon,Flying,0,
408,409,334,Mega Altaria,,Dragon,Fairy,1,
409,410,335,Zangoose,,Normal,,0,
410,411,336,Seviper,,Poison,,0,
411,412,337,Lunatone,,Rock,Psychic,0,
412,413,338,Solrock,,Rock,Psychic,0,
413,414,339,Barboach,,Water,Ground,0,
414,415,340,Whiscash,,Water,Ground,0,
415,416,341,Corphish,,Water,,0,
416,417,342,Crawdaunt,,Water,Dark,0,
417,418,343,Baltoy,,Ground,Psychic,0,
418,419,344,Claydol,,Ground,Psychic,0,
419,420,345,Lileep,,Rock,Grass,0,
420,421,346,Cradily,,Rock,Grass,0,
421,422,347,Anorith,,Rock,Bug,0,
422,423,348,Armaldo,,Rock,Bug,0,
423,424,349,Feebas,,Water,,0,
424,425,350,Milotic,,Water,,0,
425,426,351,Castform,,Normal,,0,
426,427,351,Sunny Form,,Fire,,1,
427,428,351,Rainy Form,,Water,,1,
428,429,351,Snowy Form,,Ice,,1,
429,430,352,Kecleon,,Normal,,0,
430,431,353,Shuppet,,Ghost,,0,
431,432,354,Banette,,Ghost,,0,
432,433,354,Mega Banette,,Ghost,,1,
433,434,355,Duskull,,Ghost,,0,
434,435,356,Dusclops,,Ghost,,0,
435,436,357,Tropius,,Grass,Flying,0,
436,437,358,Chimecho,,Psychic,,0,
437,438,359,Absol,,Dark,,0,
438,439,359,Mega Absol,,Dark,,1,
439,440,360,Wynaut,,Psychic,,0,
440,441,361,Snorunt,,Ice,,0,
441,442,362,Glalie,,Ice,,0,
442,443,362,Mega Glalie,,Ice,,1,
443,444,363,Spheal,,Ice,Water,0,
444,445,364,Sealeo,,Ice,Water,0,
445,446,365,Walrein,,Ice,Water,0,
446,447,366,Clamperl,,Water,,0,
447,448,367,Huntail,,Water,,0,
448,449,368,Gorebyss,,Water,,0,
449,450,369,Relicanth,,Water,Rock,0,
450,451,370,Luvdisc,,Water,,0,
451,452,371,Bagon,,Dragon,,0,
452,453,372,Shelgon,,Dragon,,0,
453,454,373,Salamence,,Dragon,Flying,0,
454,455,373,Mega Salamence,,Dragon,Flying,1,
455,456,374,Beldum,,Steel,Psychic,0,
456,457,375,Metang,,Steel,Psychic,0,
457,458,376,Metagross,,Steel,Psychic,0,
458,459,376,Mega Metagross,,Steel,Psychic,1,
459,460,377,Regirock,,Rock,,0,
460,461,378,Regice,,Ice,,0,
461,462,379,Registeel,,Steel,,0,
462,463,380,Latias,,Dragon,Psychic,0,
463,464,380,Mega Latias,,Dragon,Psychic,1,
464,465,381,Latios,,Dragon,Psychic,0,
465,466,381,Mega Latios,,Dragon,Psychic,1,
466,467,382,Kyogre,,Water,,0,
467,468,382,Primal Kyogre,,Water,,1,
468,469,383,Groudon,,Ground,,0,
469,470,383,Primal Groudon,,Ground,Fire,1,
470,471,384,Rayquaza,,Dragon,Flying,0,
471,472,384,Mega Rayquaza,,Dragon,Flying,1,
472,473,385,Jirachi,,Steel,Psychic,0,
473,474,386,Normal Forme,,Psychic,,1,
474,475,386,Attack Forme,,Psychic,,1,
475,476,386,Defense Forme,,Psychic,,1,
476,477,386,Speed Forme,,Psychic,,1,
477,478,387,Turtwig,,Grass,,0,
478,479,388,Grotle,,Grass,,0,
479,480,389,Torterra,,Grass,Ground,0,
480,481,390,Chimchar,,Fire,,0,
481,482,391,Monferno,,Fire,Fighting,0,
482,483,392,Infernape,,Fire,Fighting,0,
483,484,393,Piplup,,Water,,0,
484,485,394,Prinplup,,Water,,0,
485,486,395,Empoleon,,Water,Steel,0,
486,487,396,Starly,,Normal,Flying,0,
487,488,397,Staravia,,Normal,Flying,0,
488,489,398,Staraptor,,Normal,Flying,0,
489,490,399,Bidoof,,Normal,,0,
490,491,400,Bibarel,,Normal,Water,0,
491,492,401,Kricketot,,Bug,,0,
492,493,402,Kricketune,,Bug,,0,
493,494,403,Shinx,,Electric,,0,
494,495,404,Luxio,,Electric,,0,
495,496,405,Luxray,,Electric,,0,
496,497,406,Budew,,Grass,Poison,0,
497,498,407,Roserade,,Grass,Poison,0,
498,499,408,Cranidos,,Rock,,0,
499,500,409,Rampardos,,Rock,,0,
500,501,410,Shieldon,,Rock,Steel,0,
501,502,411,Bastiodon,,Rock,Steel,0,
502,503,412,Plant Cloak,,Bug,,1,
503,504,412,Sandy Cloak,,Bug,,1,
504,505,412,Trash Cloak,,Bug,,1,
505,506,413,Plant Cloak,,Bug,Grass,1,
506,507,413,Sandy Cloak,,Bug,Ground,1,
507,508,413,Trash Cloak,,Bug,Steel,1,
508,509,414,Mothim,,Bug,Flying,0,
509,510,415,Combee,,Bug,Flying,0,
510,511,416,Vespiquen,,Bug,Flying,0,
511,512,417,Pachirisu,,Electric,,0,
512,513,418,Buizel,,Water,,0,
513,514,419,Floatzel,,Water,,0,
514,515,420,Cherubi,,Grass,,0,
515,516,421,Cherrim,,Grass,,0,
516,517,422,Shellos,,Water,,0,
517,518,423,Gastrodon,,Water,Ground,0,
518,519,424,Ambipom,,Normal,,0,
519,520,425,Drifloon,,Ghost,Flying,0,
520,521,426,Drifblim,,Ghost,Flying,0,
521,522,427,Buneary,,Normal,,0,
522,523,428,Lopunny,,Normal,,0,
523,524,428,Mega Lopunny,,Normal,Fighting,1,
524,525,429,Mismagius,,Ghost,,0,
525,526,430,Honchkrow,,Dark,Flying,0,
526,527,431,Glameow,,Normal,,0,
527,528,432,Purugly,,Normal,,0,
528,529,433,Chingling,,Psychic,,0,
529,530,434,Stunky,,Poison,Dark,0,
530,531,435,Skuntank,,Poison,Dark,0,
531,532,436,Bronzor,,Steel,Psychic,0,
532,533,437,Bronzong,,Steel,Psychic,0,
533,534,438,Bonsly,,Rock,,0,
534,535,439,Mime Jr.,,Psychic,Fairy,0,
535,536,440,Happiny,,Normal,,0,
536,537,441,Chatot,,Normal,Flying,0,
537,538,442,Spiritomb,,Ghost,Dark,0,
538,539,443,Gible,,Dragon,Ground,0,
539,540,444,Gabite,,Dragon,Ground,0,
540,541,445,Garchomp,,Dragon,Ground,0,
541,542,445,Mega Garchomp,,Dragon,Ground,1,
542,543,446,Munchlax,,Normal,,0,
543,544,447,Riolu,,Fighting,,0,
544,545,448,Lucario,,Fighting,Steel,0,
545,546,448,Mega Lucario,,Fighting,Steel,1,
546,547,449,Hippopotas,,Ground,,0,
547,548,450,Hippowdon,,Ground,,0,
548,549,451,Skorupi,,Poison,Bug,0,
549,550,452,Drapion,,Poison,Dark,0,
550,551,453,Croagunk,,Poison,Fighting,0,
551,552,454,Toxicroak,,Poison,Fighting,0,
552,553,455,Carnivine,,Grass,,0,
553,554,456,Finneon,,Water,,0,
554,555,457,Lumineon,,Water,,0,
555,556,458,Mantyke,,Water,Flying,0,
556,557,459,Snover,,Grass,Ice,0,
557,558,460,Abomasnow,,Grass,Ice,0,
558,559,460,Mega Abomasnow,,Grass,Ice,1,
559,560,461,Weavile,,Dark,Ice,0,
560,561,462,Magnezone,,Electric,Steel,0,
561,562,463,Lickilicky,,Normal,,0,
562,563,464,Rhyperior,,Ground,Rock,0,
563,564,465,Tangrowth,,Grass,,0,
564,565,466,Electivire,,Electric,,0,
565,566,467,Magmortar,,Fire,,0,
566,567,468,Togekiss,,Fairy,Flying,0,
567,568,469,Yanmega,,Bug,Flying,0,
568,569,470,Leafeon,,Grass,,0,
569,570,471,Glaceon,,Ice,,0,
570,571,472,Gliscor,,Ground,Flying,0,
571,572,473,Mamoswine,,Ice,Ground,0,
572,573,474,Porygon-Z,,Normal,,0,
573,574,475,Gallade,,Psychic,Fighting,0,
574,575,475,Mega Gallade,,Psychic,Fighting,1,
575,576,476,Probopass,,Rock,Steel,0,
576,577,477,Dusknoir,,Ghost,,0,
577,578,478,Froslass,,Ice,Ghost,0,
578,579,479,Rotom,,Electric,Ghost,0,
579,580,479,Heat Rotom,,Electric,Fire,1,
580,581,479,Wash Rotom,,Electric,Water,1,
581,582,479,Frost Rotom,,Electric,Ice,1,
582,583,479,Fan Rotom,,Electric,Flying,1,
583,584,479,Mow Rotom,,Electric,Grass,1,
584,585,480,Uxie,,Psychic,,0,
585,586,481,Mesprit,,Psychic,,0,
586,587,482,Azelf,,Psychic,,0,
587,588,483,Dialga,,Steel,Dragon,0,
588,589,483,Origin Forme,,Steel,Dragon,1,
589,590,484,Palkia,,Water,Dragon,0,
590,591,484,Origin Forme,,Water,Dragon,1,
591,592,485,Heatran,,Fire,Steel,0,
592,593,486,Regigigas,,Normal,,0,
593,594,487,Altered Forme,,Ghost,Dragon,1,
594,595,487,Origin Forme,,Ghost,Dragon,1,
595,596,488,Cresselia,,Psychic,,0,
596,597,489,Phione,,Water,,0,
597,598,490,Manaphy,,Water,,0,
598,599,491,Darkrai,,Dark,,0,
599,600,492,Land Forme,,Grass,,1,
600,601,492,Sky Forme,,Grass,Flying,1,
601,602,493,Arceus,,Normal,,0,
602,603,494,Victini,,Psychic,Fire,0,
603,604,495,Snivy,,Grass,,0,
604,605,496,Servine,,Grass,,0,
605,606,497,Serperior,,Grass,,0,
606,607,498,Tepig,,Fire,,0,
607,608,499,Pignite,,Fire,Fighting,0,
608,609,500,Emboar,,Fire,Fighting,0,
609,610,501,Oshawott,,Water,,0,
610,611,502,Dewott,,Water,,0,
611,612,503,Samurott,,Water,,0,
612,613,503,Hisuian Samurott,,Water,Dark,1,
613,614,504,Patrat,,Normal,,0,
614,615,505,Watchog,,Normal,,0,
615,616,506,Lillipup,,Normal,,0,
616,617,507,Herdier,,Normal,,0,
617,618,508,Stoutland,,Normal,,0,
618,619,509,Purrloin,,Dark,,0,
619,620,510,Liepard,,Dark,,0,
620,621,511,Pansage,,Grass,,0,
621,622,512,Simisage,,Grass,,0,
622,623,513,Pansear,,Fire,,0,
623,624,514,Simisear,,Fire,,0,
624,625,515,Panpour,,Water,,0,
625,626,516,Simipour,,Water,,0,
626,627,517,Munna,,Psychic,,0,
627,628,518,Musharna,,Psychic,,0,
628,629,519,Pidove,,Normal,Flying,0,
629,630,520,Tranquill,,Normal,Flying,0,
630,631,521,Unfezant,,Normal,Flying,0,
631,632,522,Blitzle,,Electric,,0,
632,633,523,Zebstrika,,Electric,,0,
633,634,524,Roggenrola,,Rock,,0,
634,635,525,Boldore,,Rock,,0,
635,636,526,Gigalith,,Rock,,0,
636,637,527,Woobat,,Psychic,Flying,0,
637,638,528,Swoobat,,Psychic,Flying,0,
638,639,529,Drilbur,,Ground,,0,
639,640,530,Excadrill,,Ground,Steel,0,
640,641,531,Audino,,Normal,,0,
641,642,531,Mega Audino,,Normal,Fairy,1,
642,643,532,Timburr,,Fighting,,0,
643,644,533,Gurdurr,,Fighting,,0,
644,645,534,Conkeldurr,,Fighting,,0,
645,646,535,Tympole,,Water,,0,
646,647,536,Palpitoad,,Water,Ground,0,
647,648,537,Seismitoad,,Water,Ground,0,
648,649,538,Throh,,Fighting,,0,
649,650,539,Sawk,,Fighting,,0,
650,651,540,Sewaddle,,Bug,Grass,0,
651,652,541,Swadloon,,Bug,Grass,0,
652,653,542,Leavanny,,Bug,Grass,0,
653,654,543,Venipede,,Bug,Poison,0,
654,655,544,Whirlipede,,Bug,Poison,0,
655,656,545,Scolipede,,Bug,Poison,0,
656,657,546,Cottonee,,Grass,Fairy,0,
657,658,547,Whimsicott,,Grass,Fairy,0,
658,659,548,Petilil,,Grass,,0,
659,660,549,Lilligant,,Grass,,0,
660,661,549,Hisuian Lilligant,,Grass,Fighting,1,
661,662,550,Red-Striped Form,,Water,,1,
662,663,550,Blue-Striped Form,,Water,,1,
663,664,550,White-Striped Form,,Water,,1,
664,665,551,Sandile,,Ground,Dark,0,
665,666,552,Krokorok,,Ground,Dark,0,
666,667,553,Krookodile,,Ground,Dark,0,
667,668,554,Darumaka,,Fire,,0,
668,669,554,Galarian Darumaka,,Ice,,1,
669,670,555,Standard Mode,,Fire,,1,
670,671,555,Zen Mode,,Fire,Psychic,1,
671,672,555,Galarian Standard Mode,,Ice,,1,
672,673,555,Galarian Zen Mode,,Ice,Fire,1,
673,674,556,Maractus,,Grass,,0,
674,675,557,Dwebble,,Bug,Rock,0,
675,676,558,Crustle,,Bug,Rock,0,
676,677,559,Scraggy,,Dark,Fighting,0,
677,678,560,Scrafty,,Dark,Fighting,0,
678,679,561,Sigilyph,,Psychic,Flying,0,
679,680,562,Yamask,,Ghost,,0,
680,681,562,Galarian Yamask,,Ground,Ghost,1,
681,682,563,Cofagrigus,,Ghost,,0,
682,683,564,Tirtouga,,Water,Rock,0,
683,684,565,Carracosta,,Water,Rock,0,
684,685,566,Archen,,Rock,Flying,0,
685,686,567,Archeops,,Rock,Flying,0,
686,687,568,Trubbish,,Poison,,0,
687,688,569,Garbodor,,Poison,,0,
688,689,570,Zorua,,Dark,,0,
689,690,570,Hisuian Zorua,,Normal,Ghost,1,
690,691,571,Zoroark,,Dark,,0,
691,692,571,Hisuian Zoroark,,Normal,Ghost,1,
692,693,572,Minccino,,Normal,,0,
693,694,573,Cinccino,,Normal,,0,
694,695,574,Gothita,,Psychic,,0,
695,696,575,Gothorita,,Psychic,,0,
696,697,576,Gothitelle,,Psychic,,0,
697,698,577,Solosis,,Psychic,,0,
698,699,578,Duosion,,Psychic,,0,
699,700,579,Reuniclus,,Psychic,,0,
700,701,580,Ducklett,,Water,Flying,0,
701,702,581,Swanna,,Water,Flying,0,
702,703,582,Vanillite,,Ice,,0,
703,704,583,Vanillish,,Ice,,0,
704,705,584,Vanilluxe,,Ice,,0,
705,706,585,Deerling,,Normal,Grass,0,
706,707,586,Sawsbuck,,Normal,Grass,0,
707,708,587,Emolga,,Electric,Flying,0,
708,709,588,Karrablast,,Bug,,0,
709,710,589,Escavalier,,Bug,Steel,0,
710,711,590,Foongus,,Grass,Poison,0,
711,712,591,Amoonguss,,Grass,Poison,0,
712,713,592,Frillish,,Water,Ghost,0,
713,714,593,Jellicent,,Water,Ghost,0,
714,715,594,Alomomola,,Water,,0,
715,716,595,Joltik,,Bug,Electric,0,
716,717,596,Galvantula,,Bug,Electric,0,
717,718,597,Ferroseed,,Grass,Steel,0,
718,719,598,Ferrothorn,,Grass,Steel,0,
719,720,599,Klink,,Steel,,0,
720,721,600,Klang,,Steel,,0,
721,722,601,Klinklang,,Steel,,0,
722,723,602,Tynamo,,Electric,,0,
723,724,603,Eelektrik,,Electric,,0,
724,725,604,Eelektross,,Electric,,0,
725,726,605,Elgyem,,Psychic,,0,
726,727,606,Beheeyem,,Psychic,,0,
727,728,607,Litwick,,Ghost,Fire,0,
728,729,608,Lampent,,Ghost,Fire,0,
729,730,609,Chandelure,,Ghost,Fire,0,
730,731,610,Axew,,Dragon,,0,
731,732,611,Fraxure,,Dragon,,0,
732,733,612,Haxorus,,Dragon,,0,
733,734,613,Cubchoo,,Ice,,0,
734,735,614,Beartic,,Ice,,0,
735,736,615,Cryogonal,,Ice,,0,
736,737,616,Shelmet,,Bug,,0,
737,738,617,Accelgor,,Bug,,0,
738,739,618,Stunfisk,,Ground,Electric,0,
739,740,618,Galarian Stunfisk,,Ground,Steel,1,
740,741,619,Mienfoo,,Fighting,,0,
741,742,620,Mienshao,,Fighting,,0,
742,743,621,Druddigon,,Dragon,,0,
743,744,622,Golett,,Ground,Ghost,0,
744,745,623,Golurk,,Ground,Ghost,0,
745,746,624,Pawniard,,Dark,Steel,0,
746,747,625,Bisharp,,Dark,Steel,0,
747,748,626,Bouffalant,,Normal,,0,
748,749,627,Rufflet,,Normal,Flying,0,
749,750,628,Braviary,,Normal,Flying,0,
750,751,628,Hisuian Braviary,,Psychic,Flying,1,
751,752,629,Vullaby,,Dark,Flying,0,
752,753,630,Mandibuzz,,Dark,Flying,0,
753,754,631,Heatmor,,Fire,,0,
754,755,632,Durant,,Bug,Steel,0,
755,756,633,Deino,,Dark,Dragon,0,
756,757,634,Zweilous,,Dark,Dragon,0,
757,758,635,Hydreigon,,Dark,Dragon,0,
758,759,636,Larvesta,,Bug,Fire,0,
759,760,637,Volcarona,,Bug,Fire,0,
760,761,638,Cobalion,,Steel,Fighting,0,
761,762,639,Terrakion,,Rock,Fighting,0,
762,763,640,Virizion,,Grass,Fighting,0,
763,764,641,Incarnate Forme,,Flying,,1,
764,765,641,Therian Forme,,Flying,,1,
765,766,642,Incarnate Forme,,Electric,Flying,1,
766,767,642,Therian Forme,,Electric,Flying,1,
767,768,643,Reshiram,,Dragon,Fire,0,
768,769,644,Zekrom,,Dragon,Electric,0,
769,770,645,Incarnate Forme,,Ground,Flying,1,
770,771,645,Therian Forme,,Ground,Flying,1,
771,772,646,Kyurem,,Dragon,Ice,0,
772,773,646,Black Kyurem,,Dragon,Ice,1,
773,774,646,White Kyurem,,Dragon,Ice,1,
774,775,647,Ordinary Form,,Water,Fighting,1,
775,776,647,Resolute Form,,Water,Fighting,1,
776,777,648,Aria Forme,,Normal,Psychic,1,
777,778,648,Pirouette Forme,,Normal,Fighting,1,
778,779,649,Genesect,,Bug,Steel,0,
779,780,650,Chespin,,Grass,,0,
780,781,651,Quilladin,,Grass,,0,
781,782,652,Chesnaught,,Grass,Fighting,0,
782,783,653,Fennekin,,Fire,,0,
783,784,654,Braixen,,Fire,,0,
784,785,655,Delphox,,Fire,Psychic,0,
785,786,656,Froakie,,Water,,0,
786,787,657,Frogadier,,Water,,0,
787,788,658,Greninja,,Water,Dark,0,
788,789,658,Ash-Greninja,,Water,Dark,1,
789,790,659,Bunnelby,,Normal,,0,
790,791,660,Diggersby,,Normal,Ground,0,
791,792,661,Fletchling,,Normal,Flying,0,
792,793,662,Fletchinder,,Fire,Flying,0,
793,794,663,Talonflame,,Fire,Flying,0,
794,795,664,Scatterbug,,Bug,,0,
795,796,665,Spewpa,,Bug,,0,
796,797,666,Vivillon,,Bug,Flying,0,
797,798,667,Litleo,,Fire,Normal,0,
798,799,668,Pyroar,,Fire,Normal,0,
799,800,669,Flabébé,,Fairy,,0,
800,801,670,Floette,,Fairy,,0,
801,802,671,Florges,,Fairy,,0,
802,803,672,Skiddo,,Grass,,0,
803,804,673,Gogoat,,Grass,,0,
804,805,674,Pancham,,Fighting,,0,
805,806,675,Pangoro,,Fighting,Dark,0,
806,807,676,Furfrou,,Normal,,0,
807,808,677,Espurr,,Psychic,,0,
808,809,678,Male,,Psychic,,1,
809,810,678,Female,,Psychic,,1,
810,811,679,Honedge,,Steel,Ghost,0,
811,812,680,Doublade,,Steel,Ghost,0,
812,813,681,Shield Forme,,Steel,Ghost,1,
813,814,681,Blade Forme,,Steel,Ghost,1,
814,815,682,Spritzee,,Fairy,,0,
815,816,683,Aromatisse,,Fairy,,0,
816,817,684,Swirlix,,Fairy,,0,
817,818,685,Slurpuff,,Fairy,,0,
818,819,686,Inkay,,Dark,Psychic,0,
819,820,687,Malamar,,Dark,Psychic,0,
820,821,688,Binacle,,Rock,Water,0,
821,822,689,Barbaracle,,Rock,Water,0,
822,823,690,Skrelp,,Poison,Water,0,
823,824,691,Dragalge,,Poison,Dragon,0,
824,825,692,Clauncher,,Water,,0,
825,826,693,Clawitzer,,Water,,0,
826,827,694,Helioptile,,Electric,Normal,0,
827,828,695,Heliolisk,,Electric,Normal,0,
828,829,696,Tyrunt,,Rock,Dragon,0,
829,830,697,Tyrantrum,,Rock,Dragon,0,
830,831,698,Amaura,,Rock,Ice,0,
831,832,699,Aurorus,,Rock,Ice,0,
832,833,700,Sylveon,,Fairy,,0,
833,834,701,Hawlucha,,Fighting,Flying,0,
834,835,702,Dedenne,,Electric,Fairy,0,
835,836,703,Carbink,,Rock,Fairy,0,
836,837,704,Goomy,,Dragon,,0,
837,838,705,Sliggoo,,Dragon,,0,
838,839,705,Hisuian Sliggoo,,Dragon,Steel,1,
839,840,706,Goodra,,Dragon,,0,
840,841,706,Hisuian Goodra,,Dragon,Steel,1,
841,842,707,Klefki,,Steel,Fairy,0,
842,843,708,Phantump,,Ghost,Grass,0,
843,844,709,Trevenant,,Ghost,Grass,0,
844,845,710,Average Size,,Ghost,Grass,1,
845,846,710,Small Size,,Ghost,Grass,1,
846,847,710,Large Size,,Ghost,Grass,1,
847,848,710,Super Size,,Ghost,Grass,1,
848,849,711,Average Size,,Ghost,Grass,1,
849,850,711,Small Size,,Ghost,Grass,1,
850,851,711,Large Size,,Ghost,Grass,1,
851,852,711,Super Size,,Ghost,Grass,1,
852,853,712,Bergmite,,Ice,,0,
853,854,713,Avalugg,,Ice,,0,
854,855,713,Hisuian Avalugg,,Ice,Rock,1,
855,856,714,Noibat,,Flying,Dragon,0,
856,857,715,Noivern,,Flying,Dragon,0,
857,858,716,Xerneas,,Fairy,,0,
858,859,717,Yveltal,,Dark,Flying,0,
859,860,718,50% Forme,,Dragon,Ground,1,
860,861,718,10% Forme,,Dragon,Ground,1,
861,862,718,Complete Forme,,Dragon,Ground,1,
862,863,719,Diancie,,Rock,Fairy,0,
863,864,719,Mega Diancie,,Rock,Fairy,1,
864,865,720,Hoopa Confined,,Psychic,Ghost,1,
865,866,720,Hoopa Unbound,,Psychic,Dark,1,
866,867,721,Volcanion,,Fire,Water,0,
867,868,722,Rowlet,,Grass,Flying,0,
868,869,723,Dartrix,,Grass,Flying,0,
869,870,724,Decidueye,,Grass,Ghost,0,
870,871,724,Hisuian Decidueye,,Grass,Fighting,1,
871,872,725,Litten,,Fire,,0,
872,873,726,Torracat,,Fire,,0,
873,874,727,Incineroar,,Fire,Dark,0,
874,875,728,Popplio,,Water,,0,
875,876,729,Brionne,,Water,,0,
876,877,730,Primarina,,Water,Fairy,0,
877,878,731,Pikipek,,Normal,Flying,0,
878,879,732,Trumbeak,,Normal,Flying,0,
879,880,733,Toucannon,,Normal,Flying,0,
880,881,734,Yungoos,,Normal,,0,
881,882,735,Gumshoos,,Normal,,0,
882,883,736,Grubbin,,Bug,,0,
883,884,737,Charjabug,,Bug,Electric,0,
884,885,738,Vikavolt,,Bug,Electric,0,
885,886,739,Crabrawler,,Fighting,,0,
886,887,740,Crabominable,,Fighting,Ice,0,
887,888,741,Baile Style,,Fire,Flying,1,
888,889,741,Pom-Pom Style,,Electric,Flying,1,
889,890,741,Pa'u Style,,Psychic,Flying,1,
890,891,741,Sensu Style,,Ghost,Flying,1,
891,892,742,Cutiefly,,Bug,Fairy,0,
892,893,743,Ribombee,,Bug,Fairy,0,
893,894,744,Rockruff,,Rock,,0,
894,895,744,Own Tempo Rockruff,,Rock,,1,
895,896,745,Midday Form,,Rock,,1,
896,897,745,Midnight Form,,Rock,,1,
897,898,745,Dusk Form,,Rock,,1,
898,899,746,Solo Form,,Water,,1,
899,900,746,School Form,,Water,,1,
900,901,747,Mareanie,,Poison,Water,0,
901,902,748,Toxapex,,Poison,Water,0,
902,903,749,Mudbray,,Ground,,0,
903,904,750,Mudsdale,,Ground,,0,
904,905,751,Dewpider,,Water,Bug,0,
905,906,752,Araquanid,,Water,Bug,0,
906,907,753,Fomantis,,Grass,,0,
907,908,754,Lurantis,,Grass,,0,
908,909,755,Morelull,,Grass,Fairy,0,
909,910,756,Shiinotic,,Grass,Fairy,0,
910,911,757,Salandit,,Poison,Fire,0,
911,912,758,Salazzle,,Poison,Fire,0,
912,913,759,Stufful,,Normal,Fighting,0,
913,914,760,Bewear,,Normal,Fighting,0,
914,915,761,Bounsweet,,Grass,,0,
915,916,762,Steenee,,Grass,,0,
916,917,763,Tsareena,,Grass,,0,
917,918,764,Comfey,,Fairy,,0,
918,919,765,Oranguru,,Normal,Psychic,0,
919,920,766,Passimian,,Fighting,,0,
920,921,767,Wimpod,,Bug,Water,0,
921,922,768,Golisopod,,Bug,Water,0,
922,923,769,Sandygast,,Ghost,Ground,0,
923,924,770,Palossand,,Ghost,Ground,0,
924,925,771,Pyukumuku,,Water,,0,
925,926,772,Type: Null,,Normal,,0,
926,927,773,Silvally,,Normal,,0,
927,928,774,Meteor Form,,Rock,Flying,1,
928,929,774,Core Form,,Rock,Flying,1,
929,930,775,Komala,,Normal,,0,
930,931,776,Turtonator,,Fire,Dragon,0,
931,932,777,Togedemaru,,Electric,Steel,0,
932,933,778,Mimikyu,,Ghost,Fairy,0,
933,934,779,Bruxish,,Water,Psychic,0,
934,935,780,Drampa,,Normal,Dragon,0,
935,936,781,Dhelmise,,Ghost,Grass,0,
936,937,782,Jangmo-o,,Dragon,,0,
937,938,783,Hakamo-o,,Dragon,Fighting,0,
938,939,784,Kommo-o,,Dragon,Fighting,0,
939,940,785,Tapu Koko,,Electric,Fairy,0,
940,941,786,Tapu Lele,,Psychic,Fairy,0,
941,942,787,Tapu Bulu,,Grass,Fairy,0,
942,943,788,Tapu Fini,,Water,Fairy,0,
943,944,789,Cosmog,,Psychic,,0,
944,945,790,Cosmoem,,Psychic,,0,
945,946,791,Solgaleo,,Psychic,Steel,0,
946,947,792,Lunala,,Psychic,Ghost,0,
947,948,793,Nihilego,,Rock,Poison,0,
948,949,794,Buzzwole,,Bug,Fighting,0,
949,950,795,Pheromosa,,Bug,Fighting,0,
950,951,796,Xurkitree,,Electric,,0,
951,952,797,Celesteela,,Steel,Flying,0,
952,953,798,Kartana,,Grass,Steel,0,
953,954,799,Guzzlord,,Dark,Dragon,0,
954,955,800,Necrozma,,Psychic,,0,
955,956,800,Dusk Mane Necrozma,,Psychic,Steel,1,
956,957,800,Dawn Wings Necrozma,,Psychic,Ghost,1,
957,958,800,Ultra Necrozma,,Psychic,Dragon,1,
958,959,801,Magearna,,Steel,Fairy,0,
959,960,802,Marshadow,,Fighting,Ghost,0,
960,961,803,Poipole,,Poison,,0,
961,962,804,Naganadel,,Poison,Dragon,0,
962,963,805,Stakataka,,Rock,Steel,0,
963,964,806,Blacephalon,,Fire,Ghost,0,
964,965,807,Zeraora,,Electric,,0,
965,966,808,Meltan,,Steel,,0,
966,967,809,Melmetal,,Steel,,0,
967,968,810,Grookey,,Grass,,0,
968,969,811,Thwackey,,Grass,,0,
969,970,812,Rillaboom,,Grass,,0,
970,971,813,Scorbunny,,Fire,,0,
971,972,814,Raboot,,Fire,,0,
972,973,815,Cinderace,,Fire,,0,
973,974,816,Sobble,,Water,,0,
974,975,817,Drizzile,,Water,,0,
975,976,818,Inteleon,,Water,,0,
976,977,819,Skwovet,,Normal,,0,
977,978,820,Greedent,,Normal,,0,
978,979,821,Rookidee,,Flying,,0,
979,980,822,Corvisquire,,Flying,,0,
980,981,823,Corviknight,,Flying,Steel,0,
981,982,824,Blipbug,,Bug,,0,
982,983,825,Dottler,,Bug,Psychic,0,
983,984,826,Orbeetle,,Bug,Psychic,0,
984,985,827,Nickit,,Dark,,0,
985,986,828,Thievul,,Dark,,0,
986,987,829,Gossifleur,,Grass,,0,
987,988,830,Eldegoss,,Grass,,0,
988,989,831,Wooloo,,Normal,,0,
989,990,832,Dubwool,,Normal,,0,
990,991,833,Chewtle,,Water,,0,
991,992,834,Drednaw,,Water,Rock,0,
992,993,835,Yamper,,Electric,,0,
993,994,836,Boltund,,Electric,,0,
994,995,837,Rolycoly,,Rock,,0,
995,996,838,Carkol,,Rock,Fire,0,
996,997,839,Coalossal,,Rock,Fire,0,
997,998,840,Applin,,Grass,Dragon,0,
998,999,841,Flapple,,Grass,Dragon,0,
999,1000,842,Appletun,,Grass,Dragon,0,
1000,1001,843,Silicobra,,Ground,,0,
1001,1002,844,Sandaconda,,Ground,,0,
1002,1003,845,Cramorant,,Flying,Water,0,
1003,1004,846,Arrokuda,,Water,,0,
1004,1005,847,Barraskewda,,Water,,0,
1005,1006,848,Toxel,,Electric,Poison,0,
1006,1007,849,Low Key Form,,Electric,Poison,1,
1007,1008,849,Amped Form,,Electric,Poison,1,
1008,1009,850,Sizzlipede,,Fire,Bug,0,
1009,1010,851,Centiskorch,,Fire,Bug,0,
1010,1011,852,Clobbopus,,Fighting,,0,
1011,1012,853,Grapploct,,Fighting,,0,
1012,1013,854,Sinistea,,Ghost,,0,
1013,1014,855,Polteageist,,Ghost,,0,
1014,1015,856,Hatenna,,Psychic,,0,
1015,1016,857,Hattrem,,Psychic,,0,
1016,1017,858,Hatterene,,Psychic,Fairy,0,
1017,1018,859,Impidimp,,Dark,Fairy,0,
1018,1019,860,Morgrem,,Dark,Fairy,0,
1019,1020,861,Grimmsnarl,,Dark,Fairy,0,
1020,1021,862,Obstagoon,,Dark,Normal,0,
1021,1022,863,Perrserker,,Steel,,0,
1022,1023,864,Cursola,,Ghost,,0,
1023,1024,865,Sirfetch'd,,Fighting,,0,
1024,1025,866,Mr. Rime,,Ice,Psychic,0,
1025,1026,867,Runerigus,,Ground,Ghost,0,
1026,1027,868,Milcery,,Fairy,,0,
1027,1028,869,Alcremie,,Fairy,,0,
1028,1029,870,Falinks,,Fighting,,0,
1029,1030,871,Pincurchin,,Electric,,0,
1030,1031,872,Snom,,Ice,Bug,0,
1031,1032,873,Frosmoth,,Ice,Bug,0,
1032,1033,874,Stonjourner,,Rock,,0,
1033,1034,875,Ice Face,,Ice,,1,
1034,1035,875,Noice Face,,Ice,,1,
1035,1036,876,Male,,Psychic,Normal,1,
1036,1037,876,Female,,Psychic,Normal,1,
1037,1038,877,Full Belly Mode,,Electric,Dark,1,
1038,1039,877,Hangry Mode,,Electric,Dark,1,
1039,1040,878,Cufant,,Steel,,0,
1040,1041,879,Copperajah,,Steel,,0,
1041,1042,880,Dracozolt,,Electric,Dragon,0,
1042,1043,881,Arctozolt,,Electric,Ice,0,
1043,1044,882,Dracovish,,Water,Dragon,0,
1044,1045,883,Arctovish,,Water,Ice,0,
1045,1046,884,Duraludon,,Steel,Dragon,0,
1046,1047,885,Dreepy,,Dragon,Ghost,0,
1047,1048,886,Drakloak,,Dragon,Ghost,0,
1048,1049,887,Dragapult,,Dragon,Ghost,0,
1049,1050,888,Crowned Sword,,Fairy,Steel,1,
1050,1051,888,Hero of Many Battles,,Fairy,,1,
1051,1052,889,Crowned Shield,,Fighting,Steel,1,
1052,1053,889,Hero of Many Battles,,Fighting,,1,
1053,1054,890,Eternatus,,Poison,Dragon,0,
1054,1055,890,Eternamax,,Poison,Dragon,1,
1055,1056,891,Kubfu,,Fighting,,0,
1056,1057,892,Single Strike Style,,Fighting,Dark,1,
1057,1058,892,Rapid Strike Style,,Fighting,Water,1,
1058,1059,893,Zarude,,Dark,Grass,0,
1059,1060,894,Regieleki,,Electric,,0,
1060,1061,895,Regidrago,,Dragon,,0,
1061,1062,896,Glastrier,,Ice,,0,
1062,1063,897,Spectrier,,Ghost,,0,
1063,1064,898,Calyrex,,Psychic,Grass,0,
1064,1065,898,Ice Rider,,Psychic,Ice,1,
1065,1066,898,Shadow Rider,,Psychic,Ghost,1,
1066,1067,899,Wyrdeer,,Normal,Psychic,0,
1067,1068,900,Kleavor,,Bug,Rock,0,
1068,1069,901,Ursaluna,,Normal,Ground,0,
1069,1070,902,Male,,Water,Ghost,1,
1070,1071,902,Female,,Water,Ghost,1,
1071,1072,903,Sneasler,,Poison,Fighting,0,
1072,1073,904,Overqwil,,Dark,Poison,0,
1073,1074,905,Incarnate Forme,,Fairy,Flying,1,
1074,1075,905,Therian Forme,,Fairy,Flying,1,
